2631	the
1870	,
1768	100
1762	.
1332	of
1321	100.100
1194	to
998	a
991	said
980	and
969	in
933	mln
933	vs
591	;
586	&
560	dlrs
475	cts
465	reuter
461	#
436	for
429	100,100,100
406	on
391	it
372	's
347	net
308	is
295	shr
281	100,100
270	company
268	that
266	by
266	pct
262	billion
255	will
252	from
249	at
238	its
236	with
229	''
219	was
217	be
210	``
207	nine
206	has
196	he
193	u.s.
191	year
178	an
178	as
159	not
149	profit
148	would
145	mths
143	which
138	or
136	sales
134	loss
131	100.
131	inc
130	stock
125	>
125	lt
125	revs
124	corp
122	share
121	shares
120	have
117	but
116	this
115	new
113	had
112	market
107	about
107	are
105	last
104	one
102	:
99	also
99	been
93	avg
92	shrs
92	were
90	note
87	interest
86	quarter
83	(
83	)
83	bank
81	group
81	up
80	they
73	two
71	first
71	oil
67	october
66	iran
64	rates
63	than
62	government
62	other
62	west
61	we
58	common
57	president
56	months
55	exchange
55	rate
54	more
53	agreement
53	over
53	per
52	after
52	against
52	all
51	if
51	told
50	iranian
49	dollar
49	gulf
48	board
48	co
48	end
48	three
47	earlier
47	price
46	capital
46	earnings
46	month
45	ltd
45	oper
45	third
44	his
44	international
44	september
44	under
43	debt
43	finance
43	industrial
43	louvre
43	rise
43	time
42	increase
42	soviet
41	no
40	baker
40	could
40	includes
40	period
40	securities
40	tonnes
39	american
39	attack
39	because
39	november
39	six
39	trade
39	years
38	current
38	markets
38	operations
38	qtr
38	record
38	should
37	between
37	gain
37	minister
37	monday
37	offer
37	week
36	chairman
36	economic
36	financial
36	loan
36	their
36	who
35	diluted
35	dlr
35	now
34	agreed
34	august
34	five
34	include
34	income
34	into
34	major
34	officials
34	seven
34	sources
34	spokesman
34	states
34	total
33	expected
33	four
33	german
33	prior
33	sale
33	some
32	assets
32	currency
32	due
32	investment
32	prices
32	system
31	any
31	friday
31	general
31	ministry
31	outstanding
31	platform
31	products
31	tax
31	when
30	accord
30	down
30	national
30	next
30	unit
29	both
29	business
29	compared
29	figures
29	made
29	operating
29	planned
29	rose
29	saudi
29	united
28	added
28	announced
28	secretary
27	banks
27	chief
27	development
27	equity
27	federal
27	foreign
27	further
27	higher
27	issue
27	loans
27	management
27	subsidiary
27	systems
27	through
27	union
26	basis
26	contract
26	december
26	early
26	eight
26	lower
26	meeting
26	reported
26	state
25	acquisition
25	commission
25	computer
25	increased
25	industry
25	shareholders
25	war
24	100-100/100
24	analysts
24	available
24	can
24	cents
24	deficit
24	full
24	i
24	japan
24	may
24	news
24	official
24	our
24	out
24	plans
24	recent
24	same
23	during
23	firm
23	most
23	pay
23	policy
23	set
23	there
23	trading
23	treasury
23	used
22	acquired
22	expects
22	germany
22	investors
22	military
22	only
22	since
22	statement
22	value
22	washington
21	acquire
21	average
21	bond
21	called
21	data
21	exports
21	july
21	plant
21	reserve
21	response
21	services
21	today
21	world
21	yen
20	based
20	cash
20	conference
20	countries
20	do
20	economy
20	ended
20	james
20	make
20	name
20	possible
20	product
20	term
20	what
19	another
19	arabia
19	central
19	companies
19	continue
19	costs
19	deposits
19	did
19	div
19	export
19	high
19	june
19	level
19	line
19	monetary
19	part
19	priced
19	program
19	qtly
19	strike
19	until
19	york
18	annual
18	association
18	bonds
18	certain
18	closed
18	comment
18	conditions
18	each
18	growth
18	officer
18	open
18	options
18	pacific
18	primary
18	private
18	production
18	proposal
18	purchase
18	results
18	rights
18	rubber
18	see
18	software
18	still
18	telephone
18	terms
17	area
17	banking
17	canadian
17	committee
17	completed
17	computers
17	country
17	credit
17	does
17	east
17	effective
17	fiscal
17	hong
17	including
17	japanese
17	local
17	party
17	plan
17	reagan
17	reduced
17	result
17	say
17	saying
17	steel
17	sugar
17	traders
17	volume
17	weekend
16	'
16	--
16	amount
16	charge
16	decision
16	dividend
16	executive
16	grain
16	however
16	inflation
16	less
16	losses
16	lpg
16	meet
16	money
16	much
16	option
16	payments
16	profits
16	public
16	received
16	respectively
16	right
16	savings
16	sunday
16	support
16	surplus
16	take
16	talks
16	texas
16	way
15	accords
15	agency
15	alliant
15	approved
15	bankers
15	before
15	buy
15	cable
15	calmat
15	cut
15	dealers
15	department
15	division
15	far
15	february
15	goods
15	held
15	hold
15	imports
15	information
15	kong
15	kuwaiti
15	marks
15	n't
15	previously
15	prime
15	restated
15	sept
15	shipping
15	showed
15	sold
15	stability
15	tender
15	use
15	very
15	vice
15	weinberger
15	while
14	100rd
14	action
14	additional
14	already
14	asked
14	begin
14	capacity
14	crude
14	decided
14	declined
14	fully
14	future
14	issues
14	january
14	later
14	likely
14	many
14	move
14	offering
14	output
14	people
14	plc
14	poehl
14	raise
14	reserves
14	restructuring
14	several
14	so
14	start
14	strong
14	them
14	well
14	wireless
13	...
13	addition
13	adjusted
13	ago
13	around
13	attacked
13	chase
13	cost
13	decline
13	domestic
13	excludes
13	fall
13	fell
13	following
13	french
13	gas
13	increases
13	manager
13	marketing
13	missile
13	personal
13	proposed
13	radio
13	real
13	reflect
13	repurchase
13	reuters
13	signed
13	such
13	tehran
13	too
13	uganda
12	administration
12	after-tax
12	authorized
12	back
12	below
12	bring
12	change
12	city
12	control
12	defense
12	discontinued
12	facility
12	fe
12	field
12	forces
12	funds
12	gains
12	holding
12	house
12	initial
12	insurance
12	joint
12	late
12	measures
12	near
12	off
12	pact
12	partners
12	platforms
12	quoted
12	reached
12	second
12	sell
12	senior
12	soon
12	south
12	split
12	stake
12	statistics
12	stoltenberg
12	subject
12	supply
12	technology
12	thursday
12	transaction
12	units
12	wang
12	worth
11	agriculture
11	america
11	barrel
11	bought
11	british
11	bundesbank
11	canada
11	communications
11	continued
11	corp.
11	corporate
11	court
11	daily
11	dassler
11	days
11	democrats
11	director
11	estate
11	european
11	former
11	given
11	help
11	here
11	industries
11	liquidity
11	luxembourg
11	must
11	nakasone
11	nations
11	notes
11	nov
11	performance
11	point
11	policies
11	present
11	pretax
11	previous
11	put
11	remain
11	robert
11	sante
11	sea
11	selling
11	service
11	ship
11	southern
11	special
11	swiss
11	talyzin
11	then
11	venture
11	western
10	act
10	among
10	analyst
10	attacks
10	balladur
10	being
10	budget
10	build
10	center
10	coffee
10	commercial
10	coupon
10	crop
10	currently
10	day
10	despite
10	directors
10	economists
10	engineering
10	expenses
10	filing
10	franc
10	half
10	heavy
10	henley
10	hit
10	idc
10	interests
10	introduced
10	iraq
10	leading
10	least
10	led
10	london
10	low
10	main
10	march
10	medical
10	might
10	named
10	negotiations
10	north
10	own
10	owned
10	payment
10	periods
10	points
10	political
10	potential
10	pre-tax
10	puma
10	range
10	receive
10	recently
10	reporters
10	retaliation
10	roubles
10	ruling
10	scheduled
10	sector
10	seek
10	seeking
10	shareholder
10	sharp
10	short-term
10	show
10	small
10	standard
10	study
10	telecommunications
10	workers
9	100.100/100
9	according
9	account
9	ag
9	agreements
9	become
9	beet
9	belgian
9	better
9	c.
9	california
9	close
9	consider
9	council
9	currencies
9	customers
9	discuss
9	discussed
9	drug
9	economist
9	entered
9	expect
9	extraordinary
9	failed
9	fed
9	filed
9	force
9	g-100
9	going
9	gold
9	h.k
9	holders
9	holdings
9	holds
9	inc.
9	issued
9	join
9	key
9	kuwait
9	largest
9	merger
9	moscow
9	network
9	northeast
9	noted
9	order
9	owns
9	past
9	planning
9	pound
9	power
9	preferred
9	problems
9	property
9	raising
9	reduce
9	reduction
9	requirements
9	revenues
9	salomon
9	sec
9	source
9	spirit
9	statoil
9	stores
9	subordinated
9	supplies
9	tanker
9	transactions
9	version
9	via
9	waters
8	100-100
8	accept
8	adding
8	aimed
8	allow
8	although
8	approval
8	arab
8	began
8	broadcast
8	buffer
8	businesses
8	buying
8	consumer
8	contracts
8	cooperation
8	credits
8	crowns
8	dec
8	earned
8	equivalent
8	estimated
8	europe
8	expansion
8	ferruzzi
8	figure
8	financing
8	fire
8	ford
8	form
8	formed
8	fourth
8	give
8	harvest
8	head
8	home
8	improvement
8	inflationary
8	involved
8	king
8	launched
8	lead
8	leader
8	light
8	long-term
8	media
8	meetings
8	mining
8	ministers
8	natural
8	nutrasweet
8	payable
8	petroleum
8	pipeline
8	press
8	problem
8	quality
8	reaction
8	repay
8	research
8	review
8	security
8	seen
8	seidman
8	shamrock
8	significant
8	situation
8	social
8	spending
8	suit
8	sun
8	taken
8	these
8	u.s.-flagged
8	underwriting
8	vision
8	where
8	within
8	without
8	won
8	zealand
7	a/s
7	access
7	amounts
7	bci
7	believed
7	blood
7	bpd
7	bregman
7	brothers
7	calls
7	case
7	caspar
7	chemical
7	china
7	class
7	combination
7	committed
7	commodity
7	confidence
7	continuing
7	convex
7	cuts
7	definitive
7	demand
7	details
7	directly
7	discussions
7	disk
7	double
7	drilling
7	entregrowth
7	entry
7	equipment
7	estimates
7	factory
7	family
7	food
7	forecast
7	fund
7	futures
7	hearing
7	intends
7	issuance
7	italy
7	kremlin
7	large
7	latest
7	lost
7	machines
7	maker
7	materials
7	members
7	mikulic
7	mine
7	model
7	motors
7	mth
7	multifoods
7	northern
7	oct
7	offered
7	offshore
7	opened
7	paid
7	pension
7	personnel
7	petromin
7	position
7	post
7	pressure
7	primarily
7	processing
7	produce
7	purchased
7	remained
7	remains
7	remarks
7	resources
7	rises
7	rising
7	rostam
7	seats
7	short
7	significantly
7	simply
7	stocks
7	storage
7	taxes
7	think
7	third-quarter
7	those
7	trust
7	usda
7	wage
7	water
7	white
7	william
7	work
7	working
7	wyttenbach
7	yugoslavia
6	'm
6	100/100
6	accounting
6	aid
6	aircraft
6	allows
6	areas
6	armel
6	balance
6	benefit
6	borrowing
6	brown
6	calfed
6	came
6	campaign
6	carryforwards
6	centers
6	changes
6	chicago
6	coastal
6	comments
6	consumers
6	converted
6	convertible
6	county
6	crisis
6	ct
6	david
6	differential
6	difficult
6	diplomat
6	diplomats
6	disc
6	disclosed
6	edouard
6	effect
6	egyptian
6	el
6	elected
6	ending
6	eta
6	euroyen
6	f
6	fat
6	fears
6	fee
6	france
6	granted
6	gross
6	halmi
6	hard
6	hofmeister
6	igene
6	import
6	important
6	included
6	index
6	interview
6	irna
6	kaiser
6	laboratories
6	lack
6	ldp
6	leaders
6	letter
6	levels
6	limited
6	lines
6	malaysia
6	manufacturing
6	matter
6	met
6	mikhail
6	miles
6	monsanto
6	monthly
6	mortgage
6	motor
6	near-supercomputers
6	newspaper
6	nippon
6	office
6	once
6	operation
6	packages
6	par
6	particularly
6	pledges
6	poor
6	posted
6	pravda
6	preference
6	privately
6	probably
6	proceeds
6	process
6	projected
6	provision
6	purchases
6	qintex
6	rand
6	rather
6	reach
6	regulatory
6	republic
6	resignation
6	responsible
6	retirement
6	roads
6	ruder
6	rumours
6	senate
6	separate
6	shipments
6	slightly
6	speech
6	step
6	strategic
6	supreme
6	takeshita
6	television
6	times
6	tokyo
6	took
6	traded
6	transamerica
6	treasurers
6	triton
6	try
6	u.k.
6	u.n.
6	unix
6	users
6	whether
6	whole
6	woolworth
6	yet
6	yield
5	100-for-100
5	100e
5	ablaze
5	able
5	add
5	again
5	ahead
5	airlines
5	almost
5	announcement
5	apparently
5	approximately
5	architecture
5	att
5	authority
5	auto
5	automatically
5	backlog
5	bahrain
5	basic
5	bayliss
5	believe
5	berkey
5	boliden
5	brings
5	brinkmann
5	buyers
5	call
5	card
5	carry
5	cent
5	charter-crellin
5	circle
5	coalition
5	commerce
5	comparable
5	compete
5	concern
5	connection
5	considerable
5	considering
5	construction
5	contributed
5	copper
5	corby
5	criticized
5	crown
5	date
5	deal
5	debentures
5	described
5	destroyed
5	destroyers
5	develop
5	developed
5	digital
5	dividends
5	doubt
5	drive
5	drop
5	egypt
5	electric
5	electronic
5	energy
5	equal
5	escalation
5	estimate
5	even
5	exceed
5	exclusive
5	existing
5	extended
5	factor
5	feet
5	fields
5	firms
5	fixed
5	follow
5	forced
5	gave
5	gorbachev
5	grew
5	halt
5	health
5	him
5	homes
5	ic
5	informed
5	initiative
5	injured
5	inro
5	integrated
5	invest
5	investments
5	ipswich
5	iranians
5	items
5	johnson
5	kay
5	keeping
5	khamenei
5	khashoggi
5	lambert
5	leave
5	left
5	license
5	like
5	limit
5	list
5	long
5	longer
5	lowered
5	managing
5	mark
5	markka
5	microchip
5	middle
5	minicomputers
5	morning
5	nation
5	navy
5	nec
5	networks
5	never
5	norsk
5	northrop
5	nppc
5	number
5	operative
5	orders
5	ordinary
5	originally
5	outside
5	ownership
5	panic
5	parallel
5	parties
5	place
5	police
5	pork
5	predicted
5	pressures
5	principal
5	privately-held
5	producers
5	proposals
5	prospect
5	purposes
5	pursue
5	rainier
5	raised
5	ratio
5	really
5	recommended
5	reflects
5	regarding
5	regional
5	relatively
5	renta
5	replacing
5	resigned
5	responding
5	retaliatory
5	revenue
5	ringgit
5	road
5	row
5	running
5	saturday
5	series
5	serve
5	silkworm
5	single
5	ski
5	slide
5	slow
5	smith
5	staff
5	stations
5	stg
5	street
5	studies
5	substantially
5	suggested
5	supercomputers
5	suspension
5	swedish
5	taking
5	tank
5	target
5	targets
5	tension
5	test
5	thought
5	three-for-two
5	tonne
5	tons
5	top
5	totaled
5	trader
5	transfer
5	travelers
5	twice
5	underwriters
5	unlikely
5	utilization
5	veslefrikk
5	view
5	visit
5	voted
5	wall
5	want
5	warned
5	warrants
4	-
4	ab
4	abroad
4	accepted
4	acquiring
4	activities
4	adherence
4	advance
4	aerospace
4	affected
4	afternoon
4	air
4	allowing
4	allwaste
4	americans
4	anything
4	appeared
4	application
4	aqazadeh
4	argentina
4	argentine
4	arms
4	arranged
4	associates
4	atlantis
4	attractive
4	availability
4	avoid
4	bancorp
4	banker
4	baring
4	barrels
4	became
4	believes
4	bid
4	biggest
4	black
4	blamed
4	boost
4	borrow
4	brazilian
4	caesars
4	calif.
4	cancellation
4	capitalized
4	cargo
4	ceasefire
4	certainly
4	certificates
4	charges
4	chinese
4	chose
4	christians
4	chrysler
4	claims
4	clear
4	closing
4	commented
4	commodities
4	communicate
4	communist
4	company's
4	concerning
4	concluded
4	conduct
4	confirmed
4	conflict
4	congress
4	considered
4	consumption
4	contact
4	contribute
4	corn
4	course
4	criticised
4	cumulative
4	damage
4	damaged
4	de
4	deadline
4	declared
4	defence
4	delivered
4	denied
4	deposit
4	depreciation
4	designed
4	determine
4	diet
4	different
4	difficulties
4	discount
4	distributed
4	donald
4	dropped
4	ecuadorian
4	edt
4	either
4	elaborate
4	employees
4	ends
4	enter
4	enterprises
4	entitled
4	essential
4	eventually
4	exclude
4	expectations
4	ext100
4	extent
4	external
4	extra
4	factories
4	faster
4	features
4	filippello
4	flag
4	floating
4	followed
4	francs
4	gaf
4	gmt
4	go
4	good
4	green
4	greenspan
4	hal
4	harvesting
4	hauri
4	headquarters
4	helmut
4	heyman
4	host
4	immediately
4	importer
4	improved
4	institute
4	institutional
4	instruments
4	isle
4	itself
4	judge
4	just
4	kerno
4	klauhs
4	kline
4	korea
4	lane
4	larger
4	lending
4	listed
4	located
4	lsi
4	machine
4	machine-building
4	mainly
4	maintain
4	maize
4	majority
4	makes
4	managed
4	manufacturers
4	martens
4	meanwhile
4	mees
4	meets
4	metres
4	minimum
4	monitored
4	morgan
4	napa
4	naval
4	nearly
4	need
4	needed
4	nicosia
4	nine-month
4	non-callable
4	nonstop
4	norway
4	nucell
4	offerings
4	officers
4	ogden
4	older
4	ontario
4	opec
4	operate
4	operates
4	operators
4	oregon
4	original
4	orion
4	overall
4	overseas
4	palmer
4	parent
4	paris
4	parliament
4	parliamentary
4	pattern
4	pending
4	pharmaceutical
4	placed
4	plants
4	ports
4	powerful
4	pricing
4	processor
4	project
4	proprietary
4	protectionist
4	provide
4	push
4	quantum
4	question
4	radical
4	rapid
4	reacting
4	reaffirmed
4	realty
4	recession
4	recommendation
4	recovery
4	released
4	repayment
4	represent
4	representatives
4	represents
4	resulting
4	retail
4	return
4	rigs
4	rko
4	roach
4	ronald
4	run
4	sa
4	schedule
4	scientific
4	sears
4	sell-off
4	semiconductor
4	setting
4	settlement
4	severely
4	sharply
4	shinpan
4	similar
4	sit
4	slowed
4	sought
4	soya
4	sparc
4	specific
4	speed
4	stabilise
4	stage
4	stop
4	strikes
4	stronger
4	subsidiaries
4	substantial
4	sullivan
4	supplier
4	switzerland
4	tankers
4	tendered
4	tianjin
4	totalled
4	totalling
4	trades
4	trigger
4	trying
4	tuesday
4	underwriter
4	unless
4	unspecified
4	upward
4	us
4	usx
4	vehicle
4	vessel
4	vodka
4	voting
4	vw
4	wait
4	warner
4	warships
4	weather
4	wheat
4	whose
4	worldwide
4	yemen
4	yonhap
3	're
3	100.100.
3	100p
3	abe
3	above
3	achieved
3	acknowledged
3	acreage
3	actions
3	adopted
3	affairs
3	affiliates
3	african
3	agricola
3	aims
3	aker
3	alan
3	allegations
3	allegis
3	alliance
3	allowed
3	angeles
3	anticipated
3	antitrust
3	anzola
3	apple
3	appointed
3	approvals
3	april
3	arabian
3	arbitration
3	arizona
3	armed
3	arrange
3	arrangement
3	artificially
3	asea
3	associated
3	assumed
3	assumes
3	attention
3	aug
3	australia
3	autolatina
3	award
3	b
3	banctexas
3	bankruptcy
3	banque
3	base
3	benefits
3	berks
3	best
3	bills
3	bonn
3	border
3	boston
3	bp
3	brazil
3	bringing
3	britain
3	broadcasting
3	broker
3	bureau
3	burnham
3	businessman
3	businessmen
3	byrd
3	c
3	cabinet
3	calm
3	cantonal
3	carefully
3	cargoes
3	cars
3	carson
3	cassoni
3	caterpillar
3	cause
3	caused
3	cdu
3	centre-right
3	cftc
3	changed
3	chemicals
3	chip
3	christian
3	citgo
3	civilian
3	cleaning
3	clearly
3	co.
3	cohen
3	coils
3	come
3	commissions
3	community
3	complete
3	concerned
3	concession
3	confirmation
3	conflicting
3	confrontation
3	consolidated
3	continental
3	contractual
3	controlling
3	convention
3	coordinate
3	coordination
3	corporation
3	cost-reduction
3	countermeasures
3	countrywide
3	covers
3	covington
3	crazy
3	criticism
3	crops
3	csis
3	dahlberg
3	debts
3	decrease
3	deficits
3	delivery
3	democrat
3	democratic
3	depending
3	depress
3	deputy
3	design
3	destroy
3	determined
3	devaluation
3	developing
3	developments
3	devices
3	diery
3	differentials
3	dilemma
3	direction
3	discounting
3	discussing
3	dispute
3	dodge
3	done
3	drexel
3	duffy
3	e.
3	ec
3	ecus
3	eddie
3	effectively
3	election
3	elections
3	electricity
3	electronics
3	employee
3	enable
3	enough
3	entertainment
3	entire
3	equiticorp
3	establish
3	established
3	evaluate
3	evaluated
3	event
3	events
3	every
3	excess
3	executives
3	exercise
3	experienced
3	experts
3	expired
3	exploration
3	exporters
3	faber
3	factors
3	fairly
3	faithful
3	falling
3	fighting
3	fiji
3	final
3	finanziaria
3	finished
3	firmly
3	five-year
3	flow
3	focus
3	follows
3	formal
3	formerly
3	fort
3	fox
3	frankfurt
3	fslic
3	fuel
3	funded
3	fww
3	geiger
3	gencorp
3	genentech
3	generale
3	generally
3	geoffrey
3	george
3	gerhard
3	get
3	gives
3	global
3	gm
3	grenfell
3	growing
3	guarantee
3	guaranteed
3	handbook
3	handle
3	hanna
3	having
3	heads
3	healthy
3	helicopter
3	herrington
3	heublein
3	hoped
3	hostilities
3	houses
3	how
3	hri
3	hurt
3	ibm
3	identified
3	ii
3	image
3	impact
3	implement
3	imposed
3	improve
3	improvements
3	inches
3	increasing
3	indicated
3	indicates
3	indicating
3	indication
3	inland
3	intend
3	interbank
3	intermediate
3	intervention
3	introduce
3	investor
3	iran-iraq
3	iraqi
3	issuing
3	jobs
3	john
3	journalists
3	keep
3	kenya
3	keystone
3	kidder
3	killed
3	km
3	know
3	krutikhin
3	kuala
3	lan
3	land
3	langley
3	large-scale
3	largely
3	let
3	liberal
3	licenses
3	lire
3	little
3	location
3	look
3	los
3	lumpur
3	maintenance
3	making
3	manuel
3	margins
3	martin
3	massive
3	maturing
3	maturity
3	mcguinness
3	mean
3	measured
3	medium
3	member
3	methods
3	michael
3	micro
3	mills
3	mineral
3	mines
3	models
3	moi
3	moody
3	motel
3	mount
3	multilateral
3	multiple
3	n.z
3	narrow
3	nashville
3	naturserv
3	necessary
3	needs
3	negotiate
3	negotiated
3	neither
3	neorx
3	netprint
3	no.100
3	nomura
3	nor
3	normal
3	normally
3	northview
3	norwegian
3	noting
3	nucell-100
3	nuclear
3	nyse
3	offset
3	ohio
3	oiag
3	opportunities
3	optical
3	ore
3	others
3	outlook
3	owed
3	owners
3	pace
3	panel
3	paper
3	partnership
3	pensions
3	percentage
3	peripheral
3	petrol
3	philippines
3	pipe
3	placement
3	placements
3	pledged
3	plus
3	port
3	possibility
3	prepared
3	prevent
3	preventing
3	producer
3	programs
3	properties
3	protection
3	providing
3	quarterly
3	quebec
3	quickly
3	rated
3	re-examine
3	rebels
3	receiving
3	recorded
3	reference
3	refinancing
3	refined
3	reform
3	refusal
3	region
3	regular
3	reinsurance
3	reject
3	rejected
3	remaining
3	renewal
3	renewed
3	reorganization
3	repayments
3	replace
3	report
3	representative
3	representing
3	request
3	required
3	rescheduling
3	respect
3	respond
3	restaurant
3	restrictions
3	reverse
3	reversion
3	rhone-poulenc
3	richard
3	rig
3	risk
3	roasted
3	rtbf
3	rupees
3	ryan
3	s
3	s-k-i
3	sanctions
3	santa
3	sassan
3	saw
3	schemes
3	schlesinger
3	scrap
3	seat
3	section
3	serious
3	servicing
3	settled
3	seven-year
3	she
3	ships
3	shopping
3	shortfall
3	side
3	sign
3	simulation
3	site
3	sites
3	slated
3	smithkline
3	soda
3	soft
3	sole
3	something
3	sort
3	sosnoff
3	sound
3	sour
3	space
3	speaking
3	specialty
3	sperry
3	spokeswoman
3	spot
3	stable
3	stand
3	standards
3	started
3	starting
3	stem
3	steps
3	stimulate
3	stockbrokers
3	stockholders
3	strengthen
3	stressed
3	strongly
3	struck
3	structure
3	studying
3	successor
3	sudanese
3	summer
3	summit
3	supports
3	survey
3	sweden
3	syndicate
3	tabuchi
3	tahan
3	talk
3	tanaka
3	tandem
3	tariffs
3	tdk
3	tdk.t
3	telegraph
3	telex
3	terminal
3	tests
3	thailand
3	things
3	three-day
3	three-year
3	tightening
3	transportation
3	trials
3	tried
3	trucks
3	txl
3	unable
3	underwritten
3	undisclosed
3	unidentified
3	unsuccessful
3	uses
3	valued
3	various
3	venezuelan
3	verity
3	versus
3	violent
3	wants
3	warfare
3	weak
3	weeks
3	weyco-serv
3	why
3	widely
3	willing
3	willis
3	withdraw
3	year-ago
3	yields
2	'll
2	've
2	100,100.
2	100-day
2	100-seat
2	100-year
2	100.100/100.100
2	100b
2	100nd
2	100s
2	100st
2	a.
2	a.m.
2	aa-100
2	abandon
2	abex
2	ability
2	absorb
2	acceptable
2	acceptance
2	acceptances
2	accurate
2	achieving
2	across-the-board
2	active
2	acts
2	actually
2	aden
2	adjust
2	adjustment
2	adjustments
2	admin
2	ads
2	advanced
2	advances
2	advisers
2	affect
2	affecting
2	affiliate
2	afraid
2	africa
2	aggression
2	aggressive
2	aggressor
2	agricultural
2	aibd
2	airplanes
2	algorithm
2	ali
2	allied-signal
2	along
2	alternatives
2	always
2	am
2	amex
2	amman
2	amortization
2	amr
2	anchor
2	announce
2	ano
2	anti-alcohol
2	anti-submarine
2	anyone
2	anyway
2	apollo
2	appletalk
2	appliance
2	applied
2	arisen
2	armin
2	armour
2	arnox
2	arrived
2	art
2	artificial
2	asbestos
2	asia
2	asian
2	ask
2	assigned
2	assumption
2	attache
2	attacking
2	audit
2	authorities
2	automotive
2	avenge
2	averaged
2	awarded
2	backed
2	bad
2	bancwest
2	bank's
2	barclays
2	barlerin
2	barris
2	barschel
2	barter
2	bases
2	baudouin
2	beans
2	bearing
2	beckman
2	beginning
2	begun
2	belgium
2	bergen
2	berlin
2	bgl
2	bids
2	big
2	bill
2	billlion
2	blame
2	blockade
2	blockading
2	blow
2	boat
2	bob
2	boneless
2	book
2	boris
2	borrowed
2	borrowers
2	borrowings
2	bottom
2	boveri
2	brand
2	break
2	breaks
2	brief
2	briefing
2	broadcaster
2	broader
2	broken
2	brokers
2	brother
2	bundibugyo
2	burro
2	bushels
2	cae
2	cairns
2	calmark
2	cancelled
2	candidates
2	canin
2	cannon
2	capabilities
2	car
2	care
2	carmike
2	carries
2	carryforward
2	carrying
2	carter
2	cartridge
2	caspian
2	castle
2	categories
2	caught
2	cautioned
2	cawl.l
2	ccr
2	ccx
2	cdi
2	ceiling
2	cental
2	chain
2	chainwide
2	challenge
2	chance
2	chancellor
2	chapter
2	charged
2	charter
2	choice
2	choose
2	chops
2	chosen
2	chrobok
2	circuits
2	circulating
2	cities
2	clarendon
2	closed-door
2	closely
2	closure
2	clotting
2	cms
2	colbert
2	collapse
2	combined
2	combines
2	coming
2	command
2	commissioner
2	commonwealth
2	communication
2	comparative
2	compatible
2	compatibles
2	competition
2	competitiveness
2	compiler
2	complaint
2	complex
2	comply
2	components
2	concentrate
2	concentrated
2	concerns
2	condition
2	conducted
2	confident
2	congressional
2	connect
2	conservative
2	conserving
2	considerably
2	consisting
2	construct
2	consultations
2	contains
2	contenders
2	content
2	context
2	continues
2	continuous
2	contrary
2	contrast
2	controlled
2	convert
2	cooper
2	cooperative
2	corrigan
2	cost-cutting
2	costing
2	cover
2	crashed
2	cray
2	create
2	creditor
2	creditors
2	creek
2	crushing
2	cubic
2	cuellar
2	curd
2	dai-ichi
2	damages
2	danger
2	dead
2	death
2	debt-service
2	deducting
2	defending
2	deficiency
2	definitely
2	delayed
2	deliveries
2	democracies
2	demonstrate
2	demonstrating
2	den
2	denominated
2	denver
2	depended
2	desire
2	deterioration
2	determination
2	deutsche
2	diamond
2	differences
2	diplomatic
2	disappeared
2	discounts
2	discrepancy
2	disney
2	distillers
2	distributors
2	district
2	divided
2	dobbs
2	documents
2	dollars
2	donna
2	dow
2	drafting
2	drew
2	drink
2	dry
2	du
2	dw
2	dynascan
2	easier
2	ecop
2	edelman
2	edp
2	education
2	effects
2	effort
2	efforts
2	elgon
2	else
2	emerged
2	emi-palmieri
2	employed
2	employers
2	endanger
2	engine
2	engineered
2	ensure
2	error
2	escalate
2	escort
2	eurobond
2	evergreen
2	exacerbate
2	exacerbating
2	exceeded
2	exception
2	excessive
2	exerciseable
2	exercised
2	expectation
2	expense
2	experience
2	expiration
2	expirations
2	expires
2	expiring
2	extinguishment
2	f.
2	fabbri
2	face
2	faces
2	facilities
2	fact
2	faction
2	failing
2	fair
2	fairchild
2	faithfull
2	fallen
2	farm
2	farmers
2	favoured
2	faw
2	fcc
2	fcl
2	feasibility
2	fees
2	fighter
2	file
2	files
2	film
2	financings
2	find
2	finding
2	fine
2	fired
2	first-half
2	fitness
2	fixed-income
2	flights
2	fob
2	foods
2	foodservice
2	forward
2	framework
2	francisco
2	friday's
2	fritschi
2	frontier
2	frustration
2	full-scale
2	funding
2	fx
2	fx/100
2	g100
2	galleries
2	gathering
2	ge
2	germans
2	gesture
2	giving
2	glass
2	goal
2	goldmine
2	goodwill
2	gosplan
2	gould
2	grades
2	granges
2	greatest
2	greatly
2	greyhound
2	grieveson
2	grounded
2	grow
2	gsp
2	guinness
2	hale
2	hambrecht
2	hand
2	hands
2	happy
2	harbors
2	hardware
2	harm
2	hawley
2	headquartered
2	heightened
2	helicopters
2	helped
2	henry
2	hercules
2	high-end
2	highest
2	hirabayashi
2	history
2	hog
2	hope
2	hormuz
2	hours
2	housing
2	huge
2	hundred
2	hyundai
2	ian
2	ibc
2	idc's
2	idea
2	iii
2	illinois
2	imported
2	improving
2	incentives
2	incorporate
2	increasingly
2	indauda
2	independence
2	independent
2	indexation
2	india
2	indicate
2	individual
2	indonesia
2	informally
2	initially
2	initiate
2	injection
2	inmobiliaria
2	inquiry
2	instability
2	installation
2	instance
2	instead
2	instrument
2	intelligence
2	intended
2	intent
2	intercep
2	interested
2	interim
2	interpreted
2	interstate
2	introduction
2	invested
2	invited
2	iowa
2	irmaremote
2	j.
2	jack
2	jan
2	jets
2	job
2	jointly
2	jones
2	juan
2	kampala
2	kapchorwa
2	kcbt
2	kenyan
2	kept
2	kg
2	kleinwort
2	kms
2	known
2	knutson
2	kong-based
2	kotc
2	la
2	laboratory
2	labour
2	lacina
2	language
2	latin
2	launch
2	launching
2	leahy
2	leases
2	lebanon
2	legal
2	leisure
2	licensed
2	life
2	lincan
2	linked
2	locations
2	louisiana
2	lp
2	lunch
2	lusinchi
2	m
2	m.a
2	machinery
2	mainframe
2	maintaining
2	makers
2	malay
2	malhotra
2	man
2	mandated
2	manhattan
2	manufacture
2	manufacturer
2	marathon
2	marketplace
2	maryland
2	match
2	material
2	maxtec
2	mccaughey
2	mcguinness's
2	medium-sized
2	membership
2	mention
2	merge
2	merged
2	metals
2	metalworking
2	microsystems
2	midland
2	midnight
2	militarily
2	million
2	millipore
2	mini-supercomputers
2	minority
2	misconduct
2	missing
2	miyazawa
2	mobil
2	mobile
2	moderate
2	modernisation
2	modification
2	monitor
2	monoclate
2	monsod
2	moody's
2	mortgage-backed
2	moss
2	mostly
2	movement
2	moves
2	moving
2	mozilo
2	muhammud
2	n.j.
2	n/a
2	nacional
2	nasdaq
2	nationwide
2	nbc
2	nearest
2	negotiating
2	nervous
2	neste
2	neutral
2	newly
2	newly-formed
2	nib
2	nicol
2	nif
2	night
2	nikolai
2	nikonov
2	nil
2	noboru
2	nominees
2	non-interest
2	non-recurring
2	non-voting
2	norge
2	norske
2	nothing
2	notification
2	notified
2	nra
2	nspa
2	nui
2	objective
2	obligations
2	obvious
2	occurred
2	offers
2	ofthe
2	oilfield
2	oilfields
2	oils
2	old
2	oljeselskap
2	one-minute
2	ongoing
2	opening
2	operated
2	operator
2	oppose
2	opposed
2	opposition
2	orbanco
2	organisation
2	oseberg
2	ourselves
2	outcome
2	outlined
2	overdone
2	overnight
2	owner
2	p
2	p.t
2	pac
2	package
2	partial
2	participate
2	participation
2	patent
2	paulson
2	paying
2	pcs
2	peabody
2	peat
2	penn
2	pentagon
2	per-share
2	percent
2	perez
2	perform
2	permit
2	perry
2	persian
2	person
2	peso
2	pesos
2	peter
2	pfennigs
2	pfister
2	phase
2	phelps
2	philippine
2	pirie
2	pms
2	pneumo
2	pointed
2	politburo
2	politicians
2	popular
2	population
2	portal
2	portfolio
2	portion
2	portland
2	possibly
2	postings
2	postponed
2	pounds
2	powdered
2	praecipuum
2	predict
2	preliminary
2	premium
2	prepainting
2	presence
2	presentation
2	prevailing
2	principle
2	printers
2	proceed
2	processes
2	procurement
2	produced
2	producing
2	productivity
2	progress
2	projecting
2	projections
2	projects
2	prolonged
2	promptly
2	propane
2	proportion
2	prospects
2	protect
2	protocol
2	proved
2	provided
2	provides
2	provisional
2	provisions
2	provocative
2	proxy
2	pull
2	pumped
2	purchasers
2	purchasing
2	pursued
2	pyne
2	qatar
2	questions
2	quist
2	rabuka
2	race
2	radioactive
2	raffles
2	raid
2	rakhsh
2	ram-100
2	ranging
2	rashadat
2	ratios
2	ravenna
2	readiness
2	ready
2	realtors
2	reason
2	reasons
2	recognition
2	recommending
2	reconsider
2	reconstruct
2	records
2	recover
2	reducing
2	refinance
2	refining
2	reflected
2	reflecting
2	refrain
2	refused
2	regret
2	regulate
2	regulators
2	related
2	relationship
2	reliacare
2	remind
2	remote
2	repaying
2	replacement
2	replaces
2	reply
2	reportedly
2	reporting
2	represented
2	repurchases
2	require
2	requires
2	researchers
2	reshadat
2	resign
2	resistance
2	resorts
2	resource
2	respective
2	restore
2	restoring
2	restricted
2	restructure
2	retaliate
2	retire
2	retired
2	retirees
2	revaluation
2	revision
2	revolver
2	rexon
2	reynolds
2	rib
2	rice
2	riots
2	risen
2	role
2	ronnskar
2	rosenberg
2	roughly
2	round
2	rout
2	roy
2	royalties
2	rueckert
2	rumors
2	rush
2	safeguard
2	safely
2	san
2	sanchez
2	save
2	scale
2	scandal
2	schillings
2	schuler
2	scientists
2	scott
2	season
2	secondary
2	sectors
2	secure
2	secured
2	seeq
2	segment
2	segments
2	sek
2	selected
2	semiconductors
2	sendi
2	sense
2	sent
2	sentiment
2	separately
2	seperate
2	served
2	settle
2	settles
2	severe
2	shabwa
2	shells
2	shipped
2	shortage
2	shortly
2	shown
2	shrimp
2	shrinking
2	shut
2	signal
2	silver
2	simulator
2	singapore
2	slaughter
2	slower
2	sluggish
2	solita
2	solution
2	solve
2	somehow
2	southeast
2	soybean
2	spain
2	spanish
2	sparked
2	sparks
2	speculation
2	spokesperson
2	sport
2	sr
2	standby
2	stated
2	statements
2	statistical
2	stats
2	status
2	steady
2	stored
2	strait
2	strength
2	strengthened
2	studios
2	submitted
2	subsystem
2	succeed
2	succeeds
2	successful
2	suggesting
2	super
2	supermarkets
2	supervisory
2	suppliers
2	supported
2	surcharges
2	surveillance
2	swam
2	swamp
2	swap
2	swearing
2	sweet
2	sweetener
2	syndicated
2	tabulation
2	taco
2	takeover
2	talked
2	tandon
2	tape
2	targeted
2	tass
2	team
2	technoexport
2	telefonica
2	temporary
2	ten
2	tennant
2	terminated
2	territory
2	texaco
2	thai
2	then-current
2	thereafter
2	thermascan
2	though
2	thousand
2	threat
2	threaten
2	threatening
2	thus
2	ticker
2	tit-for-tat
2	today's
2	together
2	tools
2	tops
2	torrenzano
2	tour
2	towards
2	toyota
2	trafalgar
2	trail
2	transition
2	transmission
2	treat
2	trend
2	trial
2	tripled
2	truck
2	trw
2	turmoil
2	turn
2	turned
2	turnover
2	twin
2	two-year
2	txp
2	type
2	ullman
2	uncertainty
2	unchanged
2	underground
2	understanding
2	university
2	unresolved
2	unsuitable
2	unusual
2	unveiling
2	upper
2	urged
2	usage
2	uss
2	usually
2	vancouver
2	verdal
2	verft
2	vice-chairman
2	viewed
2	violence
2	virtue
2	viva
2	vlx
2	voiced
2	volcker
2	volkskas
2	volkswagen
2	volumes
2	vowed
2	vowg.f
2	vying
2	wanted
2	warehouse
2	warning
2	wave
2	weakness
2	weekly
2	well-head
2	went
2	westin
2	wet
2	whirlpool
2	whitwam
2	wholly-owned
2	widened
2	wilfried
2	wilhelm
2	wine
2	wisconsin
2	withholding
2	witzel
2	wo
2	woolowrth
2	worried
2	worry
2	worst
2	wredberg
2	write
2	x.100
2	yasuhiro
2	year-end
2	you
2	yugo
2	zaire
2	zinn
2	zurich
1	'ali
1	..
1	100's
1	100,100,100.
1	100,100-dlr
1	100,100-tonne
1	100-bit
1	100-gigabyte
1	100-hotel
1	100-hour
1	100-kb
1	100-kilobit
1	100-minute
1	100-mln
1	100-month
1	100-months
1	100-ship
1	100.100-100.100
1	100.100-billion-dlr
1	100.if
1	100d
1	100k
1	100oo
1	100th
1	[
1	a-100
1	a.r
1	aa
1	aa-minus
1	aapl.o
1	abandoned
1	abandoning
1	abatement
1	abdul
1	abidjan
1	abruptly
1	absolute
1	absurd
1	ac
1	acceleration
1	accepting
1	accessories
1	accident
1	accommodates
1	accptances
1	accumulated
1	accured
1	accused
1	acid
1	acknowledge
1	acquainting
1	acquisiton
1	acqusition
1	acres
1	acrimonious
1	across
1	acting
1	activase
1	activator
1	activity
1	acute
1	ad-pac
1	adapt
1	additions
1	addressing
1	adds
1	adequate
1	adequately
1	adh
1	adjacent
1	adm.
1	administrative
1	adnan
1	adoption
1	adopts
1	advantage
1	adventure
1	adventurism
1	adventurist
1	adverse
1	advise
1	advised
1	adviser
1	advisor
1	advisory
1	advocating
1	af
1	afford
1	affordable
1	aftertax
1	agenda
1	agents
1	aggravate
1	aggressively
1	agree
1	agression
1	aids
1	ailing
1	aires
1	airsignal
1	al-anbaa
1	al-bader
1	al-juaimah
1	alarm
1	alcohol
1	aldo
1	alex
1	alice
1	alif
1	alive
1	allies
1	allocation
1	allocations
1	allowance
1	alnt
1	alnt.o
1	already-fragile
1	alsacienne
1	alter
1	alterations
1	altered
1	amendment
1	american-owned
1	american-registered
1	ami
1	amicable
1	amid
1	amidst
1	aml
1	amounting
1	ampex
1	amphenol
1	ample
1	amrel
1	amvo.ol
1	ana
1	analog
1	analytical
1	angelo
1	angered
1	animal
1	anmessages
1	annouced
1	announcements
1	announces
1	announcing
1	annually
1	annum
1	answer
1	anthonie
1	anti-alchohol
1	anti-inflation
1	antihemophilic
1	antonio
1	anxiety
1	anxious
1	anzali
1	appeal
1	appeals
1	appearance
1	appears
1	applicable
1	applications
1	apply
1	appointment
1	appraisal
1	appraoch
1	appreciation
1	approach
1	appropriate
1	approve
1	approving
1	aquino
1	arap
1	architects
1	arising
1	ariz.
1	army
1	array
1	arrays
1	arrival
1	artery
1	article
1	arturo
1	asea.st
1	asher
1	aside
1	asking
1	assessed
1	assessment
1	asset
1	assistant
1	associate
1	assume
1	assurance
1	assurances
1	ast
1	astride
1	athletic
1	atlanta
1	atlantic
1	att's
1	attached
1	attaching
1	attacksf
1	attempt
1	attempts
1	attending
1	attitude
1	attorney
1	attract
1	attributed
1	augmented
1	austerity
1	australian
1	autahorized
1	authorised
1	authorization
1	automatic
1	autosync
1	availabe
1	averting
1	avoided
1	away
1	awful
1	axelgard
1	b-100
1	backer
1	backfat
1	badly
1	bag
1	baghdad
1	bakeries
1	balances
1	ball
1	ballot
1	baltek
1	bancorporation
1	bancshares
1	bank/levelland
1	bankamerica
1	bankrupcty
1	bargained
1	barges
1	barings
1	barons
1	barry
1	bath
1	battery
1	battle
1	bauxite
1	bay
1	bbc
1	bbcz.z
1	beacons
1	bearish
1	beauty
1	bechtel
1	bechtel-control
1	becomes
1	becoming
1	beef
1	behind
1	beirut
1	belga
1	belief
1	belknap
1	bell
1	belong
1	belzberg
1	beneficial
1	berkeley
1	berkely
1	bernardino
1	bernhard
1	bert
1	beth
1	bethmann
1	bets
1	beverages
1	bilateral
1	bild
1	billions
1	biotechnology
1	bir
1	blames
1	blaming
1	blanche
1	bln
1	block
1	blocked
1	blocks
1	blown
1	bodies
1	boil
1	boksburg
1	bolder
1	boliden's
1	bombarded
1	bombers
1	bonus
1	boom
1	boosted
1	borrower
1	bottle
1	bottlers
1	bottles
1	bound
1	bpcc
1	bpcl.l
1	br
1	branches
1	brands
1	brandy
1	branko
1	braun
1	brazilizan
1	breach
1	break-bulk
1	breaking
1	breakthrough
1	breathing
1	brewing
1	briefed
1	briefly
1	brierley
1	brion
1	bristol
1	broad
1	broadly
1	brody
1	broke
1	brokerage
1	brought
1	brss.o
1	bryw.we
1	budget-saving
1	buenos
1	bug
1	builders
1	builds
1	buiness
1	bulk
1	bull
1	bullet
1	burden
1	burdens
1	burgdorff
1	bush
1	busiest
1	busiet
1	butane
1	buy-out
1	buy-outs
1	buyback
1	buyer
1	buyt
1	by-laws
1	cal
1	calculate
1	calculated
1	calculating
1	calculations
1	calendar
1	calif
1	callable
1	calling
1	calona
1	candidate
1	capability
1	capsules
1	carbonated
1	carcasses
1	caretaker
1	carmakers
1	carried
1	carrier
1	carriers
1	carroll
1	carsons
1	carte
1	cartridges
1	cast
1	casualties
1	catastrophe
1	catchment
1	category
1	catell
1	cattle
1	causes
1	caution
1	cautious
1	cautiously
1	cayman
1	cbs
1	cdc
1	cdu-led
1	cease
1	ceased
1	centerbank
1	centered
1	centre
1	cgp
1	chains
1	chaired
1	challenging
1	chamber
1	changer
1	changing
1	chanthong
1	chaotic
1	charging
1	chartering
1	chased
1	chattanooga
1	chca.we
1	cheap
1	cheaper
1	cheapest
1	checkoff
1	chesapeake
1	chh
1	china's
1	chinese-made
1	chips
1	choke
1	chow
1	chris
1	christmas
1	cie
1	cinemas
1	cited
1	civil
1	clara
1	clash
1	clashes
1	classifications
1	classified
1	clayton
1	cleans
1	clearance
1	cleared
1	clever
1	clients
1	clinical
1	closes
1	clot
1	clots
1	cloud
1	clustered
1	cnvx
1	co-managers
1	cochran
1	cocoa
1	codes
1	coercion
1	coercive
1	cogeneration
1	colin
1	collapsing
1	collections
1	colombia
1	colonel
1	colorants
1	columbian
1	columbus
1	comex
1	commence
1	commencement
1	commentator
1	commerical
1	commerzbank
1	commerzbank's
1	commitment
1	commitments
1	commons
1	commuter
1	compacted
1	compare
1	comparison
1	compensated
1	compensation
1	compensatory
1	competing
1	competitive
1	competitors
1	completion
1	composed
1	composition
1	comprise
1	comprises
1	comprising
1	compromise
1	compulsory
1	comput
1	computer-based
1	computerized
1	computing
1	concentrations
1	concessions
1	concrete
1	concurrent
1	concurrently
1	conditional
1	conducting
1	confederation
1	confer
1	confidence-building
1	confirm
1	confirming
1	confront
1	congressmen
1	conrad
1	consequence
1	consequences
1	consequent
1	conservatives
1	consideration
1	considers
1	consists
1	consolidate
1	consortium
1	constant
1	constructive
1	consultant
1	consultants
1	consulting
1	consumere
1	consuming
1	consummate
1	contacted
1	contacts
1	contain
1	contained
1	container
1	contaminants
1	contest
1	continuation
1	continuously
1	contorl
1	contractural
1	controls
1	controversial
1	convened
1	conversion
1	converts
1	convoys
1	cooked
1	cooking
1	cool
1	cooler
1	coolers
1	corazon
1	cordoned
1	core
1	corned
1	cornerstone
1	correction
1	correspond
1	corresponding
1	cos
1	costly
1	cotton
1	count
1	counter
1	counterparts
1	coup
1	coupled
1	couriers
1	covering
1	cracks
1	crash
1	created
1	crew
1	crucial
1	cruise
1	cuba
1	culprit
1	curbing
1	currency's
1	cust
1	custom
1	customs
1	cutbacks
1	cycle
1	cyprus
1	d'afrique
1	d-vt
1	d.c.
1	dallas
1	damaging
1	damascus
1	dampening
1	dangerous
1	daniel
1	dated
1	dates
1	deadlock
1	dealer
1	dealing
1	decade
1	decay
1	decentralised
1	deceptive
1	deciding
1	decisively
1	deck
1	declaration
1	declaring
1	decreases
1	decree
1	dedicated
1	deep
1	deepened
1	deeply
1	defective
1	defer
1	deflect
1	degree
1	delegation
1	deliver
1	deminex
1	denominations
1	denounced
1	dense
1	dental
1	deny
1	depend
1	dependence
1	depressed
1	describing
1	designing
1	designs
1	desired
1	desks
1	desperately
1	desserts
1	destroying
1	destruction
1	deter
1	deteriorate
1	deteriorated
1	deterred
1	deterrence
1	devastated
1	develoed
1	developer
1	develops
1	device
1	devoted
1	dfm
1	dhahab
1	di
1	diagnostic
1	dial-up
1	diamond-bathurst
1	dietitian
1	differed
1	dilutive
1	dime
1	dinars
1	dipped
1	dirative
1	direct
1	directed
1	dirty
1	disclose
1	discloses
1	discounted
1	discovery
1	discussion
1	dismissed
1	disorder
1	displace
1	display
1	displayed
1	displeasure
1	disposal
1	disrupt
1	disrupted
1	disruptions
1	dissolving
1	distilleries
1	distribution
1	distributor
1	distrition
1	disution
1	diversified
1	diversifying
1	diverted
1	divest
1	divested
1	divesting
1	divisions
1	dlrs/barrel
1	dls
1	doing
1	dominant
1	doorstep
1	dot
1	doubled
1	doubling
1	doubted
1	doubtful
1	douglas
1	downgraded
1	downtrend
1	dr.
1	draft
1	drafted
1	draught
1	draw
1	drawdown
1	drawings
1	drawn
1	dribble
1	dried
1	drill
1	drinks
1	driver
1	drives
1	dropping
1	drunkenness
1	durakon
1	duration
1	dutch
1	dynamics
1	eagle
1	ealry
1	earning
1	ease
1	eased
1	easily
1	easy
1	ebullient
1	echoed
1	eclipsed
1	economies
1	ecuador
1	edged
1	edging
1	edt/100
1	eduard
1	edward
1	eeproms
1	effectiviy
1	efficiencies
1	efficiently
1	eight-month
1	eight-month-old
1	eight-year
1	eighty
1	ekris
1	elapsed
1	electrical
1	electricite
1	electrion
1	elements
1	elias
1	elicited
1	eliminate
1	elimination
1	elizabethtown
1	elkes
1	elsewhere
1	elstree
1	em
1	embargo
1	embarked
1	emcke
1	emphasis
1	emphasized
1	emphasizing
1	employement
1	employing
1	enables
1	enabling
1	end-august
1	end-month
1	end-september
1	endorsing
1	enforcement
1	engaged
1	english
1	engulfed
1	enlarged
1	enormous
1	enquiries
1	enseco
1	entailed
1	enters
1	entertaiment
1	entirely
1	entitle
1	entitling
1	entity
1	enviromental
1	environmental
1	environmentalists
1	envisaged
1	envoy
1	epidemic
1	equatorial
1	equip
1	equitable
1	equw.we
1	ernesto
1	escalates
1	escalatory
1	escape
1	escorting
1	especially
1	establishing
1	estates
1	estimating
1	eta-100
1	euaring
1	eugene
1	eurobonds
1	eurodollar
1	euromarkets
1	evaluating
1	evans
1	eventual
1	ever
1	everybody
1	everything
1	evolution
1	ex-career
1	ex-dividend
1	ex-warrant
1	exact
1	exaggerated
1	examine
1	example
1	exceeds
1	exceptionally
1	exchange's
1	exchange-sponsored
1	exchanges
1	exclude100,100
1	excluding
1	execute
1	exempt
1	exercises
1	exeuctive
1	exhausted
1	exhaustion
1	existence
1	expand
1	expanding
1	expectational
1	expedited
1	expenditure
1	expenditures
1	expensive
1	expert
1	explained
1	exploit
1	exploited
1	explore
1	exploring
1	exporter
1	exporting
1	exposure
1	express
1	expressed
1	extendible
1	extension
1	extensive
1	extraordinarycredits
1	extreme
1	eyecare
1	f-100
1	f.a
1	face-saving
1	facilitate
1	facing
1	fail
1	failure
1	faith
1	falls
1	families
1	fan
1	farmer-held
1	fasb
1	fast-expanding
1	fattah
1	favorable
1	favorite
1	fbc
1	fca
1	fdic
1	fear
1	feared
1	fearless
1	feasible
1	federation
1	feed
1	feeding
1	feel
1	feeling
1	felt
1	fen
1	ferdinand
1	fermentation
1	fernandez
1	fertilizer
1	few
1	fifth
1	fight
1	figuerras
1	fijian
1	filings
1	finalise
1	financial-services
1	financier
1	finish
1	finishing
1	finland
1	finnish
1	fission
1	five-day
1	five-for-four
1	five-inch
1	five-week
1	fivefold
1	flamson
1	flare-up
1	flash
1	flashtalk
1	flatly
1	flavour
1	fleet
1	fletcher
1	flexibility
1	flight
1	floats
1	flocked
1	flood
1	flooded
1	floor
1	fltc.we
1	fluctuations
1	fluke
1	fluorognost
1	flurry
1	flying
1	fo
1	focusing
1	fomerly
1	foodgrains
1	footwear
1	forecasts
1	foreigners
1	foresaw
1	foreshadow
1	forest
1	forget
1	formally
1	formation
1	formatter
1	formica
1	formula
1	forthcoming
1	fortnightly
1	foster
1	foulke
1	found
1	foundation
1	founded
1	foundry
1	four-wheel-drive
1	four-year
1	fragile
1	franchises
1	francois
1	frankfurter
1	fraying
1	fred
1	frederick
1	free
1	free-fall
1	freight
1	french-based
1	frequent
1	friedrich
1	frigates
1	fronter
1	frozen
1	ft-se
1	fuelled
1	fuji
1	fuju
1	fulfilling
1	full-blown
1	full-fledged
1	full-service
1	fully-paid
1	fully-taxable
1	function
1	fundamentals
1	fw
1	fx/c
1	fx/eispack
1	fx/linpack
1	fx/series
1	g
1	g.d.
1	ga.
1	gained
1	gallery
1	gama
1	gamas
1	gap
1	garphics
1	gate
1	gates
1	gathers
1	gauge
1	geac
1	gear
1	gene
1	general-purpose
1	generate
1	generated
1	generating
1	generation
1	genetic
1	geneva
1	genevar
1	genossenschaftliche
1	georgia
1	gerd
1	germany's
1	gertler
1	gets
1	getting
1	gholamreza
1	giancarlo
1	gigabytes
1	gilbey
1	gim.v
1	giuliani
1	gld
1	glowing
1	gmhl.l
1	gnsp.l
1	go-ahead
1	goes
1	goldman
1	goran
1	gorman
1	gostev
1	gottschalks
1	goverment
1	government's
1	governments
1	governor
1	grab
1	graco
1	gradually
1	grain-producing
1	grand
1	granting
1	gravel
1	great
1	greater
1	greek
1	grind
1	grisanti
1	grocery
1	grothgar
1	grounds
1	group's
1	groupings
1	growers
1	grown
1	guage
1	guernsey-based
1	guesstimated
1	guesstimating
1	guevara
1	guide
1	guidelines
1	guiding
1	guilford
1	gullfaks
1	gunboats
1	gustev
1	half-hour
1	half-point
1	half-year
1	halted
1	halved
1	hammer
1	hampered
1	hann
1	hanover
1	hans
1	happen
1	happened
1	harbinger
1	harder
1	hareatened
1	harlan
1	harman
1	hart-scott-rodino
1	harvested
1	hassan
1	hasten
1	haul
1	hawaii
1	hayes
1	headaches
1	healthvest
1	heard
1	heart
1	hebel
1	hellmuth
1	hemophilia
1	hemophiliacs
1	herald
1	herbert
1	hereditary
1	hernan
1	hernandez
1	heublin
1	high-cost
1	high-level
1	high-performance
1	high-return
1	higher-cost
1	highly
1	hills
1	hired
1	hirozumi
1	hitselberger
1	hoel
1	holiday
1	holidays
1	holy
1	home-brew
1	honoured
1	hopes
1	hoping
1	horrific
1	hospital
1	hospitals
1	hosted
1	hotel
1	hotels
1	household
1	howe
1	hpc
1	hurricane
1	hurting
1	hussmann
1	hydro
1	hygiene
1	hyun.se
1	i-style
1	ibj
1	ideas
1	idemnification
1	ideologically
1	iea
1	ill
1	illicit
1	immediate
1	imnet
1	impacts
1	impaired
1	impasse
1	impatience
1	impediment
1	implementation
1	implemented
1	implements
1	implicate
1	implications
1	implicitly
1	importers
1	impose
1	impounding
1	impressed
1	impression
1	inability
1	inaccurate
1	inadequate
1	incentive
1	inception
1	inclusion
1	inconsistent
1	incorrates
1	incurred
1	indeed
1	indepndent
1	indiana
1	indicators
1	individuals
1	indonesian
1	induce
1	industrialised
1	industrieholding
1	industrielle
1	industrier
1	infantry
1	inflation-indexed
1	influence
1	infotron
1	infringed
1	infringing
1	ing
1	inhibit
1	inhibitor
1	injectable
1	injected
1	injecting
1	innspruck
1	inro's
1	inside
1	insisted
1	inspectors
1	inspiron
1	install
1	installations
1	instant
1	instil
1	institutions
1	instruction-set
1	insufficient
1	insurer
1	intact
1	intc.100
1	integrating
1	intel
1	intensify
1	intention
1	intentions
1	inter-bank
1	interacts
1	interamerican
1	interest-earning
1	interesting
1	interface
1	interfaces
1	interfere
1	interior
1	internal
1	interpart
1	intertwined
1	intervals
1	intervene
1	interviews
1	intouch
1	introduces
1	introducing
1	invading
1	inventories
1	inventory
1	investigate
1	investment-grade
1	involves
1	iran's
1	iran/iraq
1	iron
1	irrespective
1	island
1	islands
1	ismail
1	isnlikely
1	isotope
1	israel
1	italian
1	item
1	iv
1	izvestia
1	jacket
1	jacking
1	jacqueline
1	jaime
1	jan-sept
1	january-september
1	japan/india-pakistan-gulf/japan
1	javier
1	jeffrey
1	jet
1	jim
1	johannesburg
1	johns
1	joining
1	joint-venture
1	jolfa
1	jose
1	joseph
1	journal
1	jr
1	jr.
1	judgment
1	juen
1	juergen
1	junior
1	justify
1	k.
1	kamal
1	kang
1	kangyo
1	kansas
1	karl
1	karolinska
1	kaufman
1	kennametal
1	kenneth
1	kharrazi
1	kidd
1	kiichi
1	killlington
1	kilos
1	kilowatts
1	kind
1	kingman
1	kirk
1	kit
1	kjell
1	knew
1	knocked
1	knowhow
1	koether
1	kohl
1	korean
1	kurt
1	kuwaitis
1	kvaerner
1	kvio.ol
1	l.
1	l.p
1	l.p.
1	labeled
1	lacked
1	lakwena
1	landed
1	lange
1	languages
1	lapsed
1	laserwriters
1	last-ditch
1	lasting
1	lately
1	latz
1	launchers
1	lavan
1	law
1	laying
1	layoffs
1	lca
1	ldc
1	leaner
1	lease
1	leasing
1	leather
1	leaving
1	lebanese
1	left-of-centre
1	leftwich
1	leg
1	legislation
1	len
1	lend
1	leo
1	lester
1	letters
1	levelled
1	levies
1	liability
1	liberian
1	liberian-flagged
1	libraries
1	library
1	licensing
1	lift
1	lifted
1	lifting
1	liftings
1	like-for-like
1	linguistic
1	link
1	linotype
1	liquefied
1	liquers
1	liquidator
1	liquors
1	listen
1	listing
1	listings
1	lists
1	lit
1	lloyds
1	ln
1	lntl.o
1	loaded
1	loading
1	lobby
1	locally
1	logic
1	logicon
1	loin
1	london-based
1	long-established
1	longest
1	looking
1	looks
1	loosen
1	lorries
1	losers
1	losing
1	losxs
1	lot
1	lots
1	low-end
1	lower-priced
1	lows
1	lp.
1	lr
1	ltd.
1	lufthansa
1	luis
1	lukewarm
1	lulled
1	luxembourg-based
1	lynch
1	m.
1	machine-builing
1	macintosh
1	macro-economic
1	madison
1	magnetic
1	mahd
1	mailing
1	maintained
1	malaysian
1	manage
1	manages
1	mandate
1	manfred
1	manner
1	manning
1	manufactured
1	marched
1	margin
1	marginal
1	market's
1	marketed
1	martens's
1	mass
1	mastercard
1	mastercard-affiliated
1	matanzas
1	matches
1	matching
1	mathematical
1	matters
1	mature
1	maturities
1	max
1	maximum
1	may-sell
1	mci
1	md-100
1	meaning
1	means
1	meant
1	meantime
1	measure
1	mediate
1	medium-term
1	meeeting
1	megahertz
1	megawatts
1	memorandum
1	memory
1	men
1	mercantile
1	merchandise
1	merchant
1	mercury
1	merely
1	merits
1	merrill
1	message
1	metal
1	method
1	metro
1	metropolitan
1	mgfl.l
1	mich.
1	michigan
1	microorganisms
1	micropocessor
1	mid-100
1	mid-campaign
1	midas
1	midday
1	mideast
1	midstate
1	migraine
1	milan
1	mile
1	milk
1	millard
1	milledgeville
1	milliseconds
1	miltary
1	mim
1	mima.s
1	minds
1	mineralization
1	minerals
1	miners
1	mini
1	minimise
1	minimizes
1	minisupercomputer
1	mir-hossein
1	missapropriated
1	missiles
1	missions
1	mistake
1	mitsubishi
1	mix
1	modern
1	modernise
1	modernization
1	modest
1	modified
1	modify
1	moisture
1	mold
1	molding
1	mombasa
1	monitoring
1	mons
1	month-old
1	mood
1	moonshine
1	moral
1	morger
1	moroccan
1	morocco
1	motion
1	mouinted
1	mountains
1	mounting
1	mousavi
1	mouth
1	moved
1	movements
1	movie-theaters
1	mr.
1	ms-dos
1	multi-currency
1	multi-user
1	multifood
1	multiproduct
1	municipal
1	municipalities
1	muscle
1	muscles
1	nairobi
1	narrowed
1	nasd
1	natalie
1	nation's
1	naturally
1	nature
1	navy's
1	near-supercomputer
1	near-term
1	nearby
1	nearer
1	necessarily
1	negative
1	negotiaitons
1	negotiator
1	neighbouring
1	neka
1	neogtiating
1	neoy.he
1	nervously
1	newsletter
1	newspapers
1	newt
1	nhy.ol
1	nicaraguan
1	nick
1	nilsson
1	nine-recurring
1	nine-year
1	noc
1	nominal
1	non-
1	non-accrual
1	non-agricultural
1	non-ferrous
1	non-fuel
1	non-impact
1	non-iraqi
1	non-negotiated
1	non-operating
1	non-performing
1	non-public
1	non-real
1	non-refundable
1	non-too-subtle
1	nonrecurring
1	nontechnological
1	nonutility
1	norcem
1	nordic
1	nork.ol
1	north-west
1	northerner
1	northrops'
1	northwest
1	northwestern
1	nosediving
1	notably
1	notice
1	nowhere
1	nowshahr
1	nsht.t
1	nuisance
1	null
1	nutrient
1	nynex
1	obey
1	objectives
1	occasion
1	occurence
1	occurs
1	octotber
1	odd
1	oesterreichische
1	offices
1	officially
1	offier
1	often
1	oil-drilling
1	oilfileds
1	oilseeds
1	ok
1	okesman
1	olivetti
1	one-day
1	one-for-five
1	one-for-one
1	one-megabit
1	onto
1	openly
1	opinion
1	oppenheimer-palmieri
1	opportunity
1	opposing
1	oprah
1	optimism
1	optimistic
1	orchestrated
1	ordonez
1	organization
1	organized
1	oriental
1	originations
1	orinoco
1	ortwin
1	oslo
1	ostracism
1	ot
1	othe100r
1	other's
1	otto
1	out-of-state
1	outbreak
1	outcry
1	outflow
1	outflows
1	outlets
1	outline
1	outlines
1	outpaced
1	outpacing
1	outstding
1	overly
1	overshadowed
1	overtures
1	oy
1	pa.
1	pack
1	packaging
1	packet
1	packing
1	pafific
1	paid-in
1	pain
1	painewebber
1	pais
1	palm
1	panel's
1	panicked
1	papers
1	pare
1	paretti
1	parity
1	particular
1	partly
1	partner
1	parts
1	pass
1	passes
1	passive
1	patch
1	patching
1	paterno
1	path
1	pathmark
1	patrick
1	pattamapong
1	paul
1	pave
1	payables
1	payed
1	pc-to-pc
1	peace-keeping
1	peacetime
1	pease
1	peer
1	penalties
1	peninsula
1	pennsylvania
1	pepsi-cola
1	performs
1	perhaps
1	period-end
1	periodically
1	perioods
1	perkin-elmer
1	permian
1	permits
1	permitted
1	persistent
1	persisting
1	personally
1	perspective
1	persuade
1	pesetas
1	pet
1	phases
1	phelan
1	philip
1	phillips
1	phone
1	phones
1	physical
1	physicians
1	picked
1	pine
1	planter
1	plasminogen
1	plastic
1	plastics
1	play
1	played
1	plaza
1	pleasanton
1	pleased
1	pledge
1	plenty
1	plug
1	plunged
1	po
1	poehl's
1	pointing
1	policy-makers
1	politician
1	politics
1	polysar
1	pool
1	pooled
1	pooling
1	pooling-of-interest
1	pooling-of-interests
1	popejoy
1	positiive
1	positions
1	positive
1	possiblity
1	postscript
1	potentially
1	potomac
1	powers
1	practices
1	pragmatic
1	pre-owned
1	pre-painting
1	precarious
1	preceeds
1	predictions
1	prefer
1	premier
1	premiership
1	prepayment
1	preservative
1	presidency
1	pressing
1	prevented
1	previosuly
1	previously-announced
1	previuosly
1	price/performance
1	priestess
1	principally
1	principled
1	print
1	printed
1	printhead
1	printing
1	prints
1	prior-period
1	priority
1	privacy
1	private-placement
1	privatisations
1	privatise
1	privatised
1	probability
1	proceedings
1	processors
1	procured
1	productions
1	profitability
1	profitable
1	programme
1	programmers
1	progressed
1	prominent
1	promote
1	promoted
1	promotion
1	prompted
1	pronounced
1	proper
1	property-liability
1	proration
1	prosz.o
1	protected
1	protective
1	protest
1	protit
1	prove
1	pruposes
1	pte
1	pty
1	publication
1	publicly
1	publioffering
1	published
1	pulled
1	puma's
1	puma.f
1	punitive
1	purchaser
1	pure
1	purpose
1	pursuant
1	pursuing
1	puruse
1	pushing
1	putting
1	q
1	quantech
1	quantity
1	quaotities
1	quelled
1	quelling
1	quick-fix
1	quite
1	quota
1	r.
1	r.n
1	rabat
1	racially-sensitive
1	racine
1	radioisotope
1	raided
1	railroad
1	railway
1	rain
1	rains
1	raises
1	ran
1	randy
1	ranking
1	rare
1	rating
1	ratings
1	raw
1	re-examined
1	reaching
1	reacts
1	read-many-times
1	read/write
1	realistically
1	reality
1	realize
1	realizing
1	realtech
1	reasearch
1	reasonable
1	reassess
1	reassessing
1	rebel
1	rebutting
1	recalled
1	recapitalization
1	receipt
1	receivership
1	recenty
1	receptacle
1	reception
1	recieved
1	reckoned
1	reclassification
1	recognise
1	recognize
1	reconciliation
1	record-setting
1	recoverable
1	recycle
1	redeem
1	redeemed
1	redemption
1	reeling
1	reexamine
1	referring
1	refiners
1	reflationary
1	reflection
1	refloat
1	refrained
1	refuse
1	regains
1	regarded
1	regardless
1	regions
1	register
1	registrations
1	regretted
1	regularly
1	regulates
1	regulations
1	reinforce
1	reinforcements
1	reinstated
1	reinvestment
1	reit
1	rejuvenating
1	relating
1	relations
1	relaxed
1	release
1	releasing
1	reliability
1	reliable
1	reliance
1	relieved
1	religiously
1	reloaded
1	remark
1	remarkable
1	remember
1	removable
1	removal
1	renamed
1	renew
1	reopened
1	reoprted
1	rep
1	repeated
1	reports
1	repos
1	reprisals
1	requests
1	requirement
1	resalat
1	reschedule
1	rescheduled
1	resemble
1	resigning
1	resist
1	resistor
1	resolve
1	resolved
1	resonant
1	resorting
1	responded
1	responsibility
1	rest
1	restraint
1	restrict
1	resulted
1	resumption
1	resurgance
1	retailer
1	retailers
1	retain
1	retained
1	retains
1	retires
1	retrieval
1	retroactive
1	retroactively
1	returns
1	revalue
1	reversal
1	reviewed
1	reviewing
1	reviews
1	revise
1	revival
1	revoke
1	revoked
1	revolutionise
1	richest
1	rick
1	ridiculous
1	rifle
1	right-wing
1	rigid
1	risc
1	risking
1	river
1	roast
1	robin
1	robles
1	rock
1	rocked
1	rod
1	roebuck
1	roles
1	room
1	rorer
1	roto-rooter
1	rounds
1	rudolf
1	rule
1	ruled
1	rules
1	rundschau
1	rushing
1	rutland
1	s.
1	s.g.
1	sachs
1	sack
1	sacremento
1	safety
1	salleh
1	salomon's
1	salt
1	salts
1	samples
1	samuel
1	sanguine
1	sank
1	satellite
1	satellites
1	satisfied
1	sb
1	scandivanian
1	schleswig-holstein
1	schmidt
1	schnapps
1	schulman
1	scommission
1	seagate
1	searle
1	seasonal
1	seasonally
1	seattle-based
1	seconds
1	seeing
1	seeks
1	seemed
1	seiyoken
1	seized
1	seizes
1	selection
1	selective
1	self-defence
1	self-defense
1	self-tender
1	seligman
1	seller
1	seller-buyer
1	sells
1	semi
1	semi-custom
1	semiconducto
1	semisubmersible
1	send
1	sending
1	sensible
1	sensitive
1	seoul
1	sepcial
1	seperately
1	seriously
1	serves
1	session
1	setsuya
1	seven-year-old
1	severity
1	sgat.o
1	shall
1	shareholders'
1	sharfe
1	sharholders
1	sharing
1	sharpening
1	shed
1	shelled
1	shelling
1	shelved
1	shevardnadze
1	shi
1	shielded
1	shields
1	shillings
1	shinpan-master
1	shintaro
1	shocked
1	shooting
1	shop
1	shops
1	short-covering
1	shortened
1	shorter
1	showing
1	sides
1	signing
1	signs
1	simultaneous
1	single-digit
1	sir
1	sitivene
1	sitting
1	six-month
1	six-screen
1	six-year
1	size
1	sized
1	skilled
1	skyline
1	slash
1	slashed
1	slate
1	slicell
1	slid
1	slot
1	slump
1	slumped
1	smaller
1	smelted
1	smelter
1	smoke
1	snow
1	soaring
1	socialists
1	societe
1	society
1	sodas
1	soditic
1	softly-spoken
1	sogenal
1	soichi
1	solid
1	solutions
1	somerset
1	sometimes
1	sons
1	sounded
1	soundly
1	sourroille
1	southfield
1	southland
1	soviets
1	soyproduct
1	spa
1	sparking
1	spc
1	speaker
1	specializing
1	specifically
1	speculative
1	speedboat
1	spin
1	spin-offs
1	spinning
1	spiralling
1	splits
1	spoilage
1	spoke
1	spoken
1	sportswear
1	spread
1	springs
1	sprint
1	spun
1	spurt
1	squabble
1	squeeze
1	squeezing
1	st.
1	stabilises
1	stabilize
1	stabilizes
1	stabilizing
1	staged
1	stagnated
1	stalled
1	standpoint
1	stank
1	stanley
1	starboard
1	startling
1	stat.ol
1	state-of-the-art
1	state-owned
1	state-run
1	statfjord
1	stating
1	station
1	statistic
1	statpipe
1	statutory
1	stavanger
1	steadfastly
1	steer
1	steering
1	stemmed
1	stemming
1	stepped
1	sterling
1	stick
1	stiff
1	stike
1	stockholder
1	stockholm
1	stood
1	strategically
1	strategy
1	stream
1	streams
1	stressing
1	striking
1	structured
1	structures
1	sture
1	styles
1	suardo
1	submit
1	subroutines
1	subscribed
1	subscriptions
1	subsequent
1	subsidies
1	subsidize
1	subsidy
1	substitute
1	substrates
1	substructure
1	succeeded
1	succeeding
1	succesfull
1	succession-issues
1	suck
1	sudan
1	suffer
1	suggest
1	suicide
1	suitable
1	sulphur
1	summary
1	sungari
1	sunos
1	supercomputer
1	supercomputing
1	superfund
1	superior
1	superpowers
1	supplied
1	supplying
1	supporting
1	supposedly
1	surcharge
1	sure
1	surge
1	surged
1	surpassed
1	surpluses
1	surprised
1	suspended
1	sustain
1	sustained
1	sut
1	suva
1	svenska
1	switch
1	switching
1	sydney
1	symbol
1	symbols
1	symposium
1	syndicates
1	synthesis
1	syrian
1	table
1	tables
1	tablets
1	tack
1	tactics
1	tailspin
1	talking
1	tally
1	talman
1	tandons
1	tanjug
1	tank-trailers
1	tap
1	tax-free
1	tbg
1	technetium-100m
1	technical
1	technicians
1	telecom
1	telecommunication
1	telefonics
1	telh.hk
1	telling
1	temple
1	tempo
1	temporarily
1	tendering
1	tenderness
1	tentative
1	teofisto
1	terminals
1	terminating
1	terrence
1	territorial
1	tested
1	tex
1	texan
1	thanks
1	thema
1	themselves
1	thereby
1	therefore
1	theter
1	thick
1	thin
1	thinks
1	thomas
1	threats
1	three-mln-dlr
1	three-month
1	three-tier
1	three-times
1	threw
1	thrift
1	thriving
1	throws
1	thyh.g
1	thyssen
1	tic
1	timber
1	timing
1	tin
1	tindemans
1	tissue
1	title
1	tlx
1	tomorrow
1	topic
1	tops'
1	tops/dos
1	tops/macintosh
1	toronto-based
1	totaling
1	tough
1	tougher
1	toward
1	towed
1	toyko
1	toyo.t
1	toyota-designed
1	trace
1	trademarks
1	traditional
1	traditionally
1	traf.l
1	traffic
1	tragedy
1	trailers
1	trand
1	transatlantic
1	transistors
1	transparent
1	transport
1	travellers
1	traverlers
1	trction
1	treaty
1	trees
1	triad
1	tribunal
1	tricks
1	triggered
1	triggering
1	trim
1	triple
1	tripling
1	triton's
1	trombetas
1	tropical
1	tuesdayhose
1	tugs
1	turkey
1	turnout
1	two-and-one-half-for-one
1	two-for-one
1	two-way
1	typically
1	u.s.-flag
1	u.s.-owned
1	u.s.-related
1	u.s.-west
1	ubs-phillips
1	uganda's
1	ugandan
1	ular
1	ultimo
1	unadjusted
1	unanswered
1	unavailable
1	unavoidable
1	uncertain
1	unconditional
1	und
1	under-performing
1	underlying
1	undermined
1	understand
1	understated
1	understood
1	undertaken
1	undervalued
1	undesirable
1	undisguised
1	unduly
1	uneasy
1	unemployed
1	unemployment
1	unfavourable
1	unflappable
1	unfounded
1	unified
1	unilateral
1	unions
1	unipack
1	unissued
1	unity
1	universal
1	unix-based
1	unlawfully
1	unlike
1	unloading
1	unnecessary
1	unocal
1	unopened
1	unpaid
1	unprecedented
1	unprepared
1	unprofitable
1	unrest
1	unroasted
1	unsightly
1	unstable
1	unsuccessfully
1	unveiled
1	unwanted
1	upgrade
1	upgraded
1	uppermost
1	upset
1	upstate
1	urban
1	urgent
1	urgently
1	usable
1	user
1	using
1	utilisation
1	utility
1	utterly
1	uwe
1	v.
1	valuation
1	value-added
1	values
1	van
1	variant
1	vcs
1	vector
1	vegetable
1	vendors
1	versions
1	vessels
1	viacom
1	victor
1	video
1	views
1	vigilant
1	viktor
1	village
1	villages
1	vinzenz
1	viral
1	virginia
1	visa
1	visited
1	vital
1	vittorio
1	voice
1	voicing
1	void
1	volatile
1	volkswagen-made
1	vote
1	voters
1	votes
1	vovting
1	voyage
1	vs.100
1	vt.
1	vulnerability
1	waiting
1	wake
1	walking
1	warburg
1	warehouses
1	warlike
1	warm
1	warmer
1	warn
1	warrant
1	warranted
1	wary
1	waste
1	watch
1	watching
1	waterway
1	watson
1	ways
1	weaker
1	weaver
1	wedd
1	wednesday
1	week's
1	weighing
1	weighs
1	weighted
1	weinburger
1	wellhead
1	werner
1	whatever
1	when-issued
1	whereas
1	whom
1	whout
1	wide
1	widening
1	widespread
1	wilfred
1	williams
1	winchester
1	wind
1	winding
1	wines
1	winfrey
1	wing
1	wipe
1	wiped
1	wis.
1	wished
1	withdrawal
1	withdrawing
1	withheld
1	woburn
1	woes
1	words
1	worgroce
1	worked
1	worker
1	workforce
1	workgroups
1	workings
1	works
1	worldmark
1	worse
1	worsen
1	wright
1	write-off
1	write-once
1	writeoff
1	wrong
1	wti
1	x
1	xidex
1	xii
1	xiv
1	xix
1	xvv
1	xvx
1	yantai
1	yards
1	year-on-year
1	year-to-date
1	yearly
1	yeutter
1	yielding
1	york-based
1	young
1	yugoslav
1	yugoslavian
1	zaccaria
1	zale
1	zentralbank
1	zoete
